"Id","Predicted"
1,0.00885003784930849
2,0.00885003784930849
3,0.400914441670214
4,0.0189110597743848
6,0.00885003784930849
9,0.179049748699725
10,0.00885003784930849
11,0.00885003784930849
12,0.0189110597743848
13,0.0116849743566094
15,0.00885003784930849
18,0.00885003784930849
19,0.00885003784930849
20,0.00885003784930849
22,0.00885003784930849
23,0.0116849743566094
24,0.00885003784930849
25,0.0116849743566094
27,0.00885003784930849
29,0.00885003784930849
32,0.00885003784930849
33,0.00885003784930849
34,0.0527162021282811
35,0.296960869758017
36,0.00885003784930849
37,0.00885003784930849
39,0.00885003784930849
40,0.00885003784930849
41,0.0134208846827876
43,0.00885003784930849
44,0.00885003784930849
45,0.00885003784930849
46,0.0208061322270816
47,0.00885003784930849
48,0.00885003784930849
49,0.00885003784930849
50,0.0134208846827876
51,0.00885003784930849
52,0.0189110597743848
54,0.0433054668959589
56,0.00885003784930849
57,0.313027190241469
58,0.188330904671395
59,0.00885003784930849
60,0.00885003784930849
61,0.0375490447047634
62,0.00885003784930849
63,0.17230515516942
66,0.00885003784930849
67,0.00885003784930849
68,0.00885003784930849
69,0.00885003784930849
70,0.00885003784930849
71,0.0205378678458048
72,0.00885003784930849
73,0.0118419430654684
74,0.0116849743566094
75,0.00885003784930849
76,0.00885003784930849
77,0.056228733826942
78,0.00885003784930849
80,0.399793126614999
82,0.0189110597743848
83,0.00885003784930849
84,0.00885003784930849
85,0.00885003784930849
86,0.00885003784930849
87,0.00885003784930849
88,0.0596056297022727
89,0.0189110597743848
90,0.0116849743566094
93,0.0475266754832908
94,0.00885003784930849
95,0.00885003784930849
96,0.00885003784930849
97,0.00885003784930849
98,0.00885003784930849
99,0.00885003784930849
100,0.00885003784930849
101,0.0101572215746447
102,0.00885003784930849
103,0.00885003784930849
104,0.0103202046306655
105,0.025130930468082
106,0.00885003784930849
107,0.0101572215746447
108,0.00885003784930849
109,0.352702457724274
110,0.122738935751615
111,0.00885003784930849
112,0.00885003784930849
113,0.00885003784930849
114,0.00885003784930849
115,0.00885003784930849
116,0.00885003784930849
118,0.00885003784930849
119,0.00885003784930849
120,0.0134208846827876
121,0.00885003784930849
122,0.0116849743566094
123,0.00885003784930849
124,0.00885003784930849
125,0.00885003784930849
126,0.0596966292841016
127,0.0235304037216925
128,0.00885003784930849
129,0.00885003784930849
130,0.313775520655662
131,0.00885003784930849
132,0.00885003784930849
133,0.0116849743566094
134,0.0116849743566094
135,0.00885003784930849
136,0.00885003784930849
138,0.0205378678458048
140,0.00885003784930849
141,0.00885003784930849
142,0.00885003784930849
143,0.00885003784930849
144,0.00885003784930849
145,0.0205378678458048
146,0.00885003784930849
147,0.0330074527506355
148,0.646105746215611
149,0.00885003784930849
150,0.00885003784930849
151,0.00885003784930849
152,0.00885003784930849
153,0.00885003784930849
154,0.00885003784930849
156,0.00885003784930849
158,0.00885003784930849
159,0.0162721036822931
160,0.0622706802206818
161,0.00885003784930849
162,0.00885003784930849
163,0.0116849743566094
164,0.00885003784930849
165,0.0134208846827876
167,0.00885003784930849
169,0.00885003784930849
170,0.00885003784930849
171,0.00885003784930849
172,0.00885003784930849
173,0.0189110597743848
174,0.00885003784930849
175,0.0101572215746447
176,0.00885003784930849
177,0.00885003784930849
178,0.00885003784930849
179,0.00885003784930849
180,0.0101572215746447
181,0.00885003784930849
183,0.0116849743566094
184,0.00885003784930849
185,0.00885003784930849
186,0.00885003784930849
188,0.00885003784930849
189,0.00885003784930849
190,0.00885003784930849
191,0.0341822225834975
192,0.00885003784930849
193,0.00885003784930849
194,0.00885003784930849
195,0.00885003784930849
196,0.010183199178954
197,0.00885003784930849
198,0.00885003784930849
199,0.0116849743566094
200,0.883140025243135
201,0.0101572215746447
202,0.0205378678458048
203,0.0134208846827876
204,0.00885003784930849
205,0.0116849743566094
207,0.00885003784930849
208,0.00885003784930849
209,0.00885003784930849
210,0.494229671771222
211,0.0101572215746447
212,0.00885003784930849
214,0.00885003784930849
215,0.00885003784930849
216,0.010183199178954
217,0.00885003784930849
219,0.00885003784930849
220,0.025130930468082
222,0.00885003784930849
223,0.0116849743566094
224,0.00885003784930849
225,0.0208061322270816
226,0.629735535632923
227,0.00885003784930849
228,0.0116849743566094
229,0.00885003784930849
230,0.00885003784930849
232,0.00885003784930849
233,0.401155729208029
235,0.00885003784930849
237,0.0177681381036646
238,0.00885003784930849
239,0.00885003784930849
240,0.157432194050574
241,0.00885003784930849
242,0.484213516784957
243,0.00885003784930849
244,0.00885003784930849
245,0.00885003784930849
247,0.0208061322270816
248,0.00885003784930849
249,0.00885003784930849
250,0.0103202046306655
251,0.00885003784930849
252,0.00885003784930849
253,0.773813653704268
254,0.00885003784930849
256,0.0294282581383293
257,0.00885003784930849
258,0.00885003784930849
259,0.00885003784930849
260,0.00885003784930849
262,0.0116849743566094
265,0.324476014838885
266,0.0101572215746447
267,0.0134208846827876
268,0.00885003784930849
269,0.0375490447047634
271,0.0189110597743848
272,0.484213516784957
274,0.00885003784930849
275,0.00885003784930849
276,0.00885003784930849
277,0.00885003784930849
278,0.00885003784930849
279,0.00885003784930849
280,0.00885003784930849
281,0.00885003784930849
282,0.00885003784930849
283,0.00885003784930849
284,0.00885003784930849
286,0.00885003784930849
288,0.00885003784930849
290,0.00885003784930849
291,0.0189110597743848
292,0.00885003784930849
293,0.00885003784930849
294,0.00885003784930849
295,0.00885003784930849
296,0.00885003784930849
297,0.00885003784930849
298,0.00885003784930849
299,0.00885003784930849
300,0.687948126264479
301,0.00885003784930849
302,0.00885003784930849
303,0.025130930468082
305,0.0103202046306655
306,0.0133741389472467
307,0.0116849743566094
308,0.0134208846827876
309,0.00885003784930849
310,0.0101572215746447
311,0.0134208846827876
312,0.00885003784930849
313,0.00885003784930849
315,0.00885003784930849
316,0.0134208846827876
317,0.00885003784930849
318,0.0116849743566094
319,0.0294282581383293
323,0.00885003784930849
325,0.00885003784930849
328,0.0287730532054099
329,0.00885003784930849
330,0.0136196090296544
331,0.00885003784930849
332,0.00885003784930849
333,0.0622706802206818
334,0.00885003784930849
335,0.020949976305037
336,0.00885003784930849
338,0.00885003784930849
339,0.00885003784930849
340,0.00885003784930849
341,0.00885003784930849
342,0.00885003784930849
344,0.00885003784930849
346,0.00885003784930849
347,0.00885003784930849
348,0.00885003784930849
349,0.0101572215746447
350,0.694716050519915
351,0.00885003784930849
352,0.00885003784930849
356,0.0344772758245664
357,0.00885003784930849
359,0.520516392099459
360,0.00885003784930849
361,0.00885003784930849
362,0.00885003784930849
364,0.980947969205982
365,0.00885003784930849
369,0.00885003784930849
370,0.00885003784930849
371,0.00885003784930849
372,0.00885003784930849
373,0.0189110597743848
374,0.0378524714166059
375,0.025130930468082
376,0.0164768882315387
378,0.220492083883555
379,0.00885003784930849
380,0.00885003784930849
381,0.00885003784930849
383,0.00885003784930849
386,0.00885003784930849
387,0.142370021143857
388,0.00885003784930849
389,0.00885003784930849
391,0.17230515516942
392,0.00885003784930849
393,0.00885003784930849
394,0.00885003784930849
395,0.00885003784930849
396,0.00885003784930849
397,0.00885003784930849
398,0.00885003784930849
400,0.0622706802206818
402,0.00885003784930849
403,0.00885003784930849
407,0.00885003784930849
409,0.00885003784930849
410,0.00885003784930849
411,0.00885003784930849
412,0.00885003784930849
413,0.0294282581383293
414,0.00885003784930849
415,0.00885003784930849
416,0.00885003784930849
417,0.00885003784930849
418,0.0205378678458048
419,0.00885003784930849
420,0.00885003784930849
422,0.00885003784930849
423,0.00885003784930849
424,0.658942216906711
425,0.00885003784930849
426,0.00885003784930849
427,0.00885003784930849
428,0.00885003784930849
429,0.00885003784930849
430,0.00885003784930849
431,0.00885003784930849
432,0.00885003784930849
434,0.00885003784930849
438,0.00885003784930849
439,0.00885003784930849
440,0.00885003784930849
441,0.220492083883555
442,0.00885003784930849
443,0.00885003784930849
444,0.00885003784930849
446,0.00885003784930849
447,0.00885003784930849
448,0.00885003784930849
449,0.00885003784930849
450,0.00885003784930849
451,0.00885003784930849
453,0.00885003784930849
454,0.0116849743566094
456,0.0205378678458048
458,0.00885003784930849
460,0.00885003784930849
461,0.00885003784930849
464,0.00885003784930849
465,0.00885003784930849
466,0.00885003784930849
467,0.00885003784930849
468,0.00885003784930849
470,0.00885003784930849
471,0.00885003784930849
472,0.00885003784930849
474,0.00885003784930849
475,0.00885003784930849
477,0.00885003784930849
478,0.0116849743566094
479,0.0243687112664638
480,0.00885003784930849
481,0.00885003784930849
482,0.0205378678458048
483,0.025130930468082
484,0.00885003784930849
485,0.00885003784930849
487,0.0189110597743848
489,0.736681295508473
490,0.00885003784930849
491,0.00885003784930849
492,0.00885003784930849
493,0.00885003784930849
494,0.00885003784930849
495,0.00885003784930849
496,0.00885003784930849
497,0.0270147266941745
498,0.00885003784930849
499,0.00885003784930849
500,0.00885003784930849
501,0.00885003784930849
502,0.00885003784930849
503,0.0116849743566094
504,0.0294282581383293
505,0.00885003784930849
506,0.00885003784930849
507,0.0208061322270816
508,0.0116849743566094
509,0.00885003784930849
510,0.00885003784930849
511,0.00885003784930849
513,0.00885003784930849
515,0.00885003784930849
516,0.00885003784930849
517,0.0189110597743848
519,0.00885003784930849
520,0.0134208846827876
521,0.00885003784930849
522,0.0176325014290177
523,0.0189110597743848
525,0.00885003784930849
526,0.10649838009871
528,0.00885003784930849
529,0.00885003784930849
530,0.00885003784930849
531,0.00885003784930849
532,0.0189110597743848
533,0.00885003784930849
534,0.0205378678458048
535,0.00885003784930849
536,0.00885003784930849
537,0.00885003784930849
540,0.412395025823944
541,0.0134208846827876
542,0.00885003784930849
543,0.484213516784957
544,0.00885003784930849
545,0.00885003784930849
546,0.00885003784930849
547,0.00885003784930849
548,0.00885003784930849
553,0.0341822225834975
554,0.00885003784930849
556,0.00885003784930849
557,0.00885003784930849
559,0.00885003784930849
560,0.00885003784930849
561,0.0202338823427064
562,0.025130930468082
563,0.0116849743566094
565,0.010183199178954
566,0.0622706802206818
567,0.025130930468082
568,0.00885003784930849
569,0.00885003784930849
570,0.00885003784930849
571,0.00885003784930849
572,0.195554590354038
574,0.00885003784930849
575,0.00885003784930849
576,0.00885003784930849
578,0.00885003784930849
579,0.0134208846827876
580,0.00885003784930849
581,0.00885003784930849
583,0.00885003784930849
585,0.0101572215746447
586,0.00885003784930849
587,0.00885003784930849
588,0.0116849743566094
589,0.00885003784930849
590,0.00885003784930849
591,0.00885003784930849
592,0.00885003784930849
594,0.00885003784930849
595,0.00885003784930849
596,0.00885003784930849
597,0.00885003784930849
598,0.00885003784930849
599,0.211563169478909
600,0.00885003784930849
601,0.00885003784930849
603,0.00885003784930849
604,0.0116849743566094
605,0.0116849743566094
607,0.0134208846827876
608,0.00885003784930849
610,0.00885003784930849
611,0.0330074527506355
612,0.00885003784930849
613,0.00885003784930849
614,0.00885003784930849
615,0.00885003784930849
616,0.0116849743566094
617,0.00885003784930849
618,0.00885003784930849
619,0.00885003784930849
620,0.00885003784930849
621,0.00885003784930849
622,0.00885003784930849
624,0.00885003784930849
627,0.00885003784930849
628,0.0133741389472467
629,0.0116849743566094
630,0.00885003784930849
631,0.0375490447047634
633,0.103858512732885
634,0.0101572215746447
635,0.00885003784930849
636,0.00885003784930849
637,0.00885003784930849
638,0.0189110597743848
639,0.00885003784930849
640,0.0101572215746447
641,0.00885003784930849
642,0.00885003784930849
643,0.0101572215746447
644,0.00885003784930849
645,0.00885003784930849
647,0.00885003784930849
648,0.00885003784930849
649,0.00885003784930849
650,0.484213516784957
651,0.0189110597743848
654,0.083928879003155
655,0.296960869758017
656,0.187392762033679
657,0.00885003784930849
658,0.00885003784930849
661,0.00885003784930849
662,0.00885003784930849
663,0.0101572215746447
665,0.0162721036822931
666,0.00885003784930849
667,0.0189110597743848
668,0.00885003784930849
669,0.00885003784930849
670,0.00885003784930849
672,0.00885003784930849
673,0.00885003784930849
674,0.00885003784930849
676,0.0330074527506355
677,0.0116849743566094
678,0.00885003784930849
680,0.0189110597743848
681,0.00885003784930849
682,0.00885003784930849
683,0.0205378678458048
684,0.00885003784930849
686,0.00885003784930849
687,0.947488687386
688,0.630757799974819
689,0.146763337503954
690,0.00885003784930849
691,0.00885003784930849
692,0.00885003784930849
693,0.00885003784930849
694,0.00885003784930849
696,0.0205378678458048
700,0.0294282581383293
703,0.0341822225834975
704,0.00885003784930849
705,0.00885003784930849
706,0.00885003784930849
707,0.00885003784930849
709,0.00885003784930849
710,0.00885003784930849
712,0.0116849743566094
714,0.0116849743566094
715,0.00885003784930849
716,0.00885003784930849
717,0.00885003784930849
719,0.00885003784930849
722,0.00885003784930849
723,0.00885003784930849
727,0.297549901020149
728,0.00885003784930849
731,0.00885003784930849
732,0.00885003784930849
733,0.00885003784930849
734,0.00885003784930849
735,0.00885003784930849
736,0.00885003784930849
738,0.933493679670694
739,0.00885003784930849
741,0.00885003784930849
742,0.0134208846827876
743,0.00885003784930849
745,0.530072131853654
746,0.00885003784930849
747,0.00885003784930849
748,0.00885003784930849
749,0.00885003784930849
752,0.00885003784930849
754,0.0205378678458048
755,0.0134617436160386
756,0.0189110597743848
757,0.00885003784930849
758,0.0117343259249421
759,0.00885003784930849
760,0.00885003784930849
761,0.00885003784930849
762,0.0189110597743848
765,0.0323425126971074
766,0.00885003784930849
767,0.00885003784930849
768,0.00885003784930849
769,0.00885003784930849
771,0.0134208846827876
772,0.025130930468082
773,0.00885003784930849
774,0.00885003784930849
775,0.0440048146414531
776,0.00885003784930849
777,0.00885003784930849
778,0.00885003784930849
780,0.00885003784930849
781,0.00885003784930849
783,0.00885003784930849
785,0.025130930468082
786,0.00885003784930849
787,0.00885003784930849
789,0.00885003784930849
790,0.0116849743566094
792,0.00885003784930849
794,0.00885003784930849
795,0.0205378678458048
796,0.0133741389472467
798,0.36815338247269
800,0.025130930468082
802,0.00885003784930849
803,0.00885003784930849
804,0.00885003784930849
805,0.00885003784930849
806,0.00885003784930849
807,0.00885003784930849
808,0.0134208846827876
809,0.00885003784930849
810,0.0116849743566094
811,0.00885003784930849
812,0.00885003784930849
814,0.00885003784930849
815,0.0117343259249421
816,0.00885003784930849
817,0.0134208846827876
819,0.0205378678458048
820,0.00885003784930849
821,0.00885003784930849
822,0.00885003784930849
823,0.0189110597743848
824,0.00885003784930849
825,0.00885003784930849
827,0.00885003784930849
828,0.00885003784930849
829,0.00885003784930849
830,0.00885003784930849
831,0.00885003784930849
832,0.00885003784930849
834,0.00885003784930849
836,0.0101572215746447
837,0.00885003784930849
838,0.00885003784930849
839,0.0205378678458048
840,0.00885003784930849
841,0.00885003784930849
842,0.00885003784930849
843,0.00885003784930849
844,0.00885003784930849
845,0.00885003784930849
846,0.0116849743566094
847,0.00885003784930849
849,0.0189110597743848
851,0.196029592530628
852,0.146763337503954
853,0.259895867160591
854,0.00885003784930849
855,0.00885003784930849
856,0.00885003784930849
857,0.0116849743566094
858,0.00885003784930849
859,0.00885003784930849
860,0.00885003784930849
861,0.00885003784930849
862,0.025130930468082
863,0.0189110597743848
864,0.00885003784930849
865,0.00885003784930849
866,0.00885003784930849
868,0.0189110597743848
870,0.0314286380804457
871,0.00885003784930849
872,0.0485627758956239
873,0.00885003784930849
874,0.00885003784930849
875,0.00885003784930849
878,0.00885003784930849
879,0.00885003784930849
880,0.0664702086202272
881,0.0189110597743848
883,0.00885003784930849
884,0.00885003784930849
885,0.0263229645172067
886,0.00885003784930849
887,0.00885003784930849
888,0.025130930468082
889,0.00885003784930849
890,0.0103202046306655
891,0.025130930468082
892,0.00885003784930849
893,0.00885003784930849
895,0.0205378678458048
896,0.0116849743566094
897,0.750119740789769
898,0.00885003784930849
899,0.00885003784930849
900,0.188330904671395
901,0.0189110597743848
902,0.00885003784930849
903,0.00885003784930849
904,0.00885003784930849
905,0.00885003784930849
908,0.024991625798765
909,0.0189110597743848
910,0.00885003784930849
911,0.00885003784930849
913,0.00885003784930849
915,0.461833047490627
916,0.00885003784930849
917,0.00885003784930849
920,0.00885003784930849
922,0.00885003784930849
924,0.00885003784930849
925,0.00885003784930849
926,0.00885003784930849
927,0.0117343259249421
928,0.0101572215746447
929,0.0189110597743848
930,0.00885003784930849
931,0.0461353579319556
932,0.00885003784930849
933,0.0189110597743848
934,0.00885003784930849
935,0.0101572215746447
936,0.0208061322270816
937,0.0116849743566094
939,0.00885003784930849
940,0.00885003784930849
942,0.00885003784930849
944,0.600775223238845
945,0.00885003784930849
946,0.0116849743566094
947,0.046455330349602
949,0.0375490447047634
950,0.00885003784930849
951,0.489932734849863
952,0.00885003784930849
953,0.00885003784930849
954,0.00885003784930849
956,0.00885003784930849
957,0.0592618956075559
958,0.00885003784930849
959,0.146763337503954
961,0.00885003784930849
962,0.0101572215746447
963,0.00885003784930849
965,0.00885003784930849
967,0.00885003784930849
968,0.00885003784930849
969,0.0116849743566094
970,0.0377898927492685
971,0.0485627758956239
972,0.00885003784930849
974,0.00885003784930849
975,0.00885003784930849
977,0.00885003784930849
978,0.00885003784930849
979,0.0116849743566094
980,0.00885003784930849
981,0.00885003784930849
982,0.00885003784930849
983,0.00885003784930849
984,0.342457559854761
985,0.0287730532054099
986,0.600775223238845
987,0.00885003784930849
989,0.00885003784930849
992,0.00885003784930849
993,0.00885003784930849
994,0.00885003784930849
995,0.00885003784930849
996,0.00885003784930849
997,0.00885003784930849
1000,0.00885003784930849
1002,0.00885003784930849
1005,0.00885003784930849
1006,0.00885003784930849
1008,0.00885003784930849
1009,0.00885003784930849
1010,0.00885003784930849
1013,0.00885003784930849
1014,0.00885003784930849
1016,0.00885003784930849
1017,0.00885003784930849
1018,0.00885003784930849
1019,0.00885003784930849
1020,0.69178858128805
1021,0.00885003784930849
1022,0.00885003784930849
1023,0.00885003784930849
1024,0.00885003784930849
1025,0.00885003784930849
1027,0.00885003784930849
1028,0.00885003784930849
1029,0.00885003784930849
1030,0.0101572215746447
1031,0.0116849743566094
1033,0.00885003784930849
1034,0.00885003784930849
1035,0.00885003784930849
1036,0.00885003784930849
1038,0.00885003784930849
1039,0.00885003784930849
1040,0.0101572215746447
1041,0.0375490447047634
1042,0.00885003784930849
1043,0.00885003784930849
1044,0.00885003784930849
1045,0.0162721036822931
1046,0.00885003784930849
1047,0.00885003784930849
1048,0.025130930468082
1049,0.470267631458093
1050,0.0116849743566094
1051,0.611066456363996
1052,0.0116849743566094
1053,0.00885003784930849
1056,0.00885003784930849
1057,0.0134208846827876
1058,0.00885003784930849
1059,0.0101572215746447
1060,0.00885003784930849
1062,0.0116849743566094
1063,0.00885003784930849
1064,0.00885003784930849
1065,0.00885003784930849
1066,0.00885003784930849
1067,0.0134208846827876
1068,0.00885003784930849
1070,0.0270147266941745
1071,0.0101572215746447
1072,0.0101572215746447
1073,0.0116849743566094
1075,0.350414216011105
1076,0.0116849743566094
1078,0.0116849743566094
1079,0.00885003784930849
1080,0.00885003784930849
1081,0.0117343259249421
1082,0.0133741389472467
1083,0.00885003784930849
1084,0.00885003784930849
1085,0.00885003784930849
1086,0.00885003784930849
1088,0.00885003784930849
1089,0.00885003784930849
1090,0.00885003784930849
1091,0.320710809080775
1093,0.00885003784930849
1095,0.00885003784930849
1096,0.00885003784930849
1099,0.0116849743566094
1100,0.0134208846827876
1101,0.00885003784930849
1102,0.00885003784930849
1103,0.00885003784930849
1105,0.00885003784930849
1106,0.0263229645172067
1107,0.00885003784930849
1108,0.00885003784930849
1109,0.00885003784930849
1110,0.0416724302421637
1111,0.00885003784930849
1113,0.00885003784930849
1114,0.00885003784930849
1115,0.00885003784930849
1116,0.00885003784930849
1117,0.00885003784930849
1118,0.00885003784930849
1119,0.00885003784930849
1120,0.0134208846827876
1121,0.0162721036822931
1122,0.00885003784930849
1123,0.025130930468082
1124,0.00885003784930849
1125,0.0189110597743848
1126,0.00885003784930849
1128,0.00885003784930849
1129,0.00885003784930849
1130,0.0134208846827876
1131,0.00885003784930849
1132,0.00885003784930849
1133,0.0116849743566094
1134,0.00885003784930849
1135,0.0189110597743848
1136,0.0116849743566094
1137,0.0116849743566094
1139,0.025130930468082
1140,0.00885003784930849
1141,0.0622706802206818
1142,0.00885003784930849
1143,0.00885003784930849
1144,0.0205378678458048
1145,0.00885003784930849
1146,0.0375490447047634
1147,0.0134208846827876
1148,0.00885003784930849
1149,0.58579362684815
1150,0.00885003784930849
1151,0.00885003784930849
1153,0.00885003784930849
1154,0.00885003784930849
1156,0.0148198974851752
1157,0.0205378678458048
1158,0.00885003784930849
1161,0.0485627758956239
1163,0.00885003784930849
1164,0.00885003784930849
1166,0.0134208846827876
1167,0.00885003784930849
1169,0.0164768882315387
1170,0.00885003784930849
1171,0.00885003784930849
1172,0.00885003784930849
1173,0.00885003784930849
1174,0.819362974428654
1175,0.025130930468082
1176,0.566763698414063
1177,0.0294282581383293
1178,0.00885003784930849
1180,0.0433054668959589
1181,0.00885003784930849
1182,0.0189110597743848
1183,0.00885003784930849
1184,0.00885003784930849
1185,0.00885003784930849
1186,0.00885003784930849
1187,0.00885003784930849
1188,0.00885003784930849
1189,0.00885003784930849
1190,0.00885003784930849
1191,0.00885003784930849
1192,0.0189110597743848
1193,0.00885003784930849
1195,0.00885003784930849
1196,0.00885003784930849
1197,0.00885003784930849
1198,0.00885003784930849
1199,0.00885003784930849
1200,0.0101572215746447
1201,0.00885003784930849
1202,0.00885003784930849
1204,0.025130930468082
1205,0.00885003784930849
1206,0.00885003784930849
1208,0.00885003784930849
1209,0.00885003784930849
1211,0.00885003784930849
1213,0.00885003784930849
1216,0.0239376896835604
1217,0.00885003784930849
1218,0.00885003784930849
1219,0.00885003784930849
1220,0.00885003784930849
1221,0.00885003784930849
1222,0.00885003784930849
1223,0.00885003784930849
1224,0.00885003784930849
1226,0.00885003784930849
1228,0.00885003784930849
1230,0.00885003784930849
1232,0.0103202046306655
1233,0.00885003784930849
1234,0.0116849743566094
1235,0.566087012552728
1236,0.00885003784930849
1237,0.0134208846827876
1238,0.00885003784930849
1239,0.00885003784930849
1240,0.00885003784930849
1241,0.00885003784930849
1242,0.056228733826942
1243,0.00885003784930849
1244,0.00885003784930849
1245,0.00885003784930849
1246,0.00885003784930849
1247,0.00885003784930849
1248,0.00885003784930849
1249,0.0116849743566094
1252,0.00885003784930849
1253,0.00885003784930849
1254,0.0134208846827876
1257,0.00885003784930849
1258,0.0189110597743848
1259,0.951296345978397
1260,0.00885003784930849
1261,0.00885003784930849
1263,0.00885003784930849
1264,0.0134208846827876
1265,0.812895695391084
1266,0.00885003784930849
1267,0.00885003784930849
1268,0.0116849743566094
1269,0.00885003784930849
1270,0.00885003784930849
1271,0.00885003784930849
1272,0.00885003784930849
1273,0.00885003784930849
1276,0.00885003784930849
1278,0.0116849743566094
1280,0.00885003784930849
1281,0.0300412734063359
1283,0.00885003784930849
1284,0.00885003784930849
1287,0.00885003784930849
1288,0.00885003784930849
1289,0.00885003784930849
1291,0.0116849743566094
1292,0.00885003784930849
1293,0.00885003784930849
1294,0.00885003784930849
1295,0.00885003784930849
1298,0.00885003784930849
1299,0.00885003784930849
1302,0.00885003784930849
1304,0.00885003784930849
1305,0.0205378678458048
1306,0.00885003784930849
1307,0.0103202046306655
1308,0.00885003784930849
1309,0.0101572215746447
1311,0.195554590354038
1312,0.0189110597743848
1313,0.00885003784930849
1314,0.0461353579319556
1315,0.0375490447047634
1316,0.00885003784930849
1317,0.00885003784930849
1318,0.00885003784930849
1319,0.00885003784930849
1320,0.00885003784930849
1321,0.00885003784930849
1322,0.478619093073356
1323,0.00885003784930849
1324,0.0433054668959589
1326,0.00885003784930849
1327,0.0189110597743848
1328,0.00885003784930849
1329,0.00885003784930849
1330,0.94140257327419
1332,0.00885003784930849
1333,0.0189110597743848
1334,0.00885003784930849
1335,0.00885003784930849
1336,0.00885003784930849
1338,0.00885003784930849
1339,0.00885003784930849
1340,0.00885003784930849
1343,0.00885003784930849
1344,0.00885003784930849
1345,0.00885003784930849
1347,0.00885003784930849
1349,0.00885003784930849
1350,0.00885003784930849
1351,0.736681295508473
1353,0.0116849743566094
1354,0.056228733826942
1355,0.00885003784930849
1357,0.00885003784930849
1358,0.0116849743566094
1360,0.0622706802206818
1361,0.492007974750773
1362,0.00885003784930849
1363,0.00885003784930849
1364,0.00885003784930849
1365,0.00885003784930849
1366,0.00885003784930849
1368,0.00885003784930849
1369,0.025130930468082
1370,0.00885003784930849
1372,0.0117343259249421
1375,0.00885003784930849
1377,0.00885003784930849
1378,0.00885003784930849
1379,0.00885003784930849
1380,0.0101572215746447
1382,0.00885003784930849
1383,0.00885003784930849
1384,0.00885003784930849
1385,0.00885003784930849
1386,0.00885003784930849
1387,0.00885003784930849
1388,0.00885003784930849
1389,0.00885003784930849
1390,0.00885003784930849
1391,0.00885003784930849
1392,0.00885003784930849
1395,0.00885003784930849
1396,0.0101572215746447
1397,0.00885003784930849
1398,0.00885003784930849
1401,0.00885003784930849
1402,0.00885003784930849
1403,0.0101572215746447
1405,0.0116849743566094
1407,0.0116849743566094
1408,0.00885003784930849
1409,0.00885003784930849
1410,0.00885003784930849
1411,0.188330904671395
1412,0.00885003784930849
1413,0.00885003784930849
1414,0.0323425126971074
1415,0.00885003784930849
1416,0.00885003784930849
1417,0.00885003784930849
1419,0.00885003784930849
1420,0.00885003784930849
1421,0.00885003784930849
1422,0.00885003784930849
1423,0.00885003784930849
1424,0.025130930468082
1425,0.025130930468082
1426,0.00885003784930849
1427,0.00885003784930849
1429,0.00885003784930849
1430,0.00885003784930849
1431,0.0134208846827876
1432,0.0189110597743848
1433,0.00885003784930849
1434,0.00885003784930849
1435,0.00885003784930849
1436,0.00885003784930849
1437,0.00885003784930849
1438,0.00885003784930849
1439,0.0116849743566094
1442,0.0134208846827876
1444,0.00885003784930849
1445,0.00885003784930849
1446,0.0205378678458048
1447,0.00885003784930849
1448,0.00885003784930849
1449,0.00885003784930849
1450,0.00885003784930849
1451,0.754519026109574
1452,0.00885003784930849
1453,0.0708048213277904
1454,0.00885003784930849
1455,0.00885003784930849
1456,0.0189110597743848
1458,0.00885003784930849
1459,0.00885003784930849
1460,0.00885003784930849
1461,0.00885003784930849
1462,0.00885003784930849
1463,0.0208061322270816
1464,0.00885003784930849
1466,0.0162721036822931
1467,0.0177681381036646
1469,0.202412098852338
1470,0.00885003784930849
1471,0.00885003784930849
1472,0.0198780567824179
1473,0.00885003784930849
1474,0.00885003784930849
1475,0.00885003784930849
1476,0.0263229645172067
1477,0.00885003784930849
1478,0.0117343259249421
1480,0.00885003784930849
1482,0.00885003784930849
1483,0.0162721036822931
1484,0.00885003784930849
1485,0.025130930468082
1486,0.0101572215746447
1487,0.00885003784930849
1488,0.0101572215746447
1489,0.00885003784930849
1490,0.00885003784930849
1492,0.0101572215746447
1493,0.00885003784930849
1494,0.744281905010987
1495,0.00885003784930849
1497,0.229134332607646
1499,0.00885003784930849
1500,0.00885003784930849
1501,0.0323425126971074
1503,0.00885003784930849
1504,0.00885003784930849
1505,0.00885003784930849
1506,0.0205378678458048
1507,0.00885003784930849
1508,0.00885003784930849
1509,0.00885003784930849
1510,0.0375490447047634
1511,0.00885003784930849
1512,0.00885003784930849
1513,0.00885003784930849
1515,0.00885003784930849
1517,0.00885003784930849
1518,0.0101572215746447
1521,0.00885003784930849
1522,0.00885003784930849
1523,0.00885003784930849
1524,0.00885003784930849
1525,0.0116849743566094
1526,0.00885003784930849
1527,0.00885003784930849
1532,0.00885003784930849
1533,0.00885003784930849
1535,0.00885003784930849
1538,0.0101572215746447
1539,0.00885003784930849
1540,0.0294282581383293
1541,0.0189110597743848
1542,0.00885003784930849
1543,0.0294282581383293
1544,0.0577993038589729
1545,0.0189110597743848
1546,0.00885003784930849
1547,0.00885003784930849
1548,0.00885003784930849
1549,0.0101572215746447
1550,0.0164768882315387
1552,0.0134208846827876
1555,0.0116849743566094
1556,0.00885003784930849
1557,0.0116849743566094
1558,0.00885003784930849
1560,0.00885003784930849
1561,0.025130930468082
1562,0.00885003784930849
1563,0.0189110597743848
1564,0.00885003784930849
1565,0.00885003784930849
1566,0.00885003784930849
1567,0.214614950783775
1568,0.0117343259249421
1569,0.010183199178954
1570,0.00885003784930849
1571,0.00885003784930849
1573,0.0116849743566094
1574,0.0176325014290177
1575,0.00885003784930849
1577,0.0116849743566094
1578,0.00885003784930849
1579,0.00885003784930849
1580,0.00885003784930849
1582,0.00885003784930849
1583,0.399679469416814
1585,0.00885003784930849
1586,0.0117343259249421
1588,0.00885003784930849
1590,0.0116849743566094
1591,0.00885003784930849
1592,0.00885003784930849
1594,0.00885003784930849
1595,0.00885003784930849
1597,0.00885003784930849
1598,0.0182582460130022
1599,0.00885003784930849
1600,0.00885003784930849
1602,0.0134208846827876
1603,0.0101572215746447
1604,0.010183199178954
1605,0.00885003784930849
1606,0.00885003784930849
1607,0.00885003784930849
1608,0.00885003784930849
1609,0.00885003784930849
1610,0.00885003784930849
1611,0.0101572215746447
1612,0.00885003784930849
1613,0.00885003784930849
1614,0.00885003784930849
1615,0.00885003784930849
1616,0.779440212158032
1617,0.0116849743566094
1619,0.0116849743566094
1621,0.00885003784930849
1622,0.0133741389472467
1623,0.0116849743566094
1625,0.00885003784930849
1626,0.00885003784930849
1627,0.00885003784930849
1628,0.437575048708065
1629,0.0189110597743848
1630,0.00885003784930849
1631,0.0664702086202272
1632,0.00885003784930849
1633,0.00885003784930849
1634,0.00885003784930849
1635,0.00885003784930849
1636,0.020949976305037
1638,0.00885003784930849
1639,0.00885003784930849
1640,0.00885003784930849
1641,0.0205378678458048
1642,0.00885003784930849
1644,0.00885003784930849
1645,0.00885003784930849
1646,0.025130930468082
1647,0.0134208846827876
1648,0.00885003784930849
1649,0.00885003784930849
1650,0.00885003784930849
1651,0.00885003784930849
1653,0.00885003784930849
1654,0.00885003784930849
1655,0.00885003784930849
1656,0.00885003784930849
1657,0.00885003784930849
1658,0.446735491883439
1659,0.00885003784930849
1660,0.00885003784930849
1661,0.00885003784930849
1662,0.0101572215746447
1663,0.0101572215746447
1664,0.00885003784930849
1665,0.0205378678458048
1667,0.00885003784930849
1668,0.00885003784930849
1669,0.025130930468082
1671,0.00885003784930849
1672,0.00885003784930849
1673,0.00885003784930849
1674,0.00885003784930849
1675,0.0116849743566094
1676,0.00885003784930849
1677,0.00885003784930849
1679,0.0189110597743848
1680,0.00885003784930849
1681,0.00885003784930849
1682,0.494229671771222
1683,0.00885003784930849
1684,0.00885003784930849
1685,0.00885003784930849
1686,0.00885003784930849
1687,0.00885003784930849
1688,0.00885003784930849
1689,0.00885003784930849
1690,0.00885003784930849
1691,0.0134208846827876
1692,0.00885003784930849
1695,0.00885003784930849
1697,0.0208061322270816
1698,0.0375490447047634
1700,0.00885003784930849
1701,0.195554590354038
1703,0.00885003784930849
1704,0.00885003784930849
1705,0.00885003784930849
1706,0.0133741389472467
1707,0.00885003784930849
1708,0.00885003784930849
1709,0.00885003784930849
1710,0.0101572215746447
1711,0.00885003784930849
1712,0.00885003784930849
1713,0.00885003784930849
1715,0.00885003784930849
1716,0.00885003784930849
1717,0.00885003784930849
1718,0.00885003784930849
1721,0.00885003784930849
1722,0.00885003784930849
1723,0.00885003784930849
1724,0.00885003784930849
1725,0.00885003784930849
1726,0.0116849743566094
1727,0.00885003784930849
1728,0.00885003784930849
1729,0.00885003784930849
1730,0.00885003784930849
1731,0.00885003784930849
1732,0.00885003784930849
1733,0.00885003784930849
1734,0.0294282581383293
1737,0.28732923544087
1739,0.0101572215746447
1740,0.00885003784930849
1741,0.0189110597743848
1742,0.00885003784930849
1743,0.00885003784930849
1744,0.00885003784930849
1745,0.00885003784930849
1746,0.00885003784930849
1747,0.00885003784930849
1750,0.00885003784930849
1751,0.00885003784930849
1752,0.00885003784930849
1753,0.00885003784930849
1754,0.00885003784930849
1755,0.00885003784930849
1756,0.0341822225834975
1759,0.00885003784930849
1760,0.260491399136974
1761,0.00885003784930849
1762,0.0116849743566094
1763,0.0189110597743848
1764,0.056228733826942
1765,0.00885003784930849
1766,0.0101572215746447
1767,0.00885003784930849
1768,0.00885003784930849
1769,0.00885003784930849
1770,0.0294282581383293
1772,0.00885003784930849
1773,0.00885003784930849
1774,0.00885003784930849
1775,0.0101572215746447
1776,0.00885003784930849
1777,0.00885003784930849
1779,0.00885003784930849
1781,0.0189110597743848
1782,0.00885003784930849
1783,0.00885003784930849
1784,0.00885003784930849
1785,0.00885003784930849
1786,0.581616070198672
1787,0.00885003784930849
1788,0.020949976305037
1789,0.0116849743566094
1790,0.00885003784930849
1791,0.00885003784930849
1792,0.0396168610065123
1793,0.0485627758956239
1794,0.00885003784930849
1795,0.00885003784930849
1796,0.00885003784930849
1797,0.00885003784930849
1799,0.00885003784930849
1800,0.00885003784930849
1801,0.00885003784930849
1802,0.00885003784930849
1804,0.00885003784930849
1805,0.00885003784930849
1806,0.00885003784930849
1807,0.00885003784930849
1808,0.00885003784930849
1809,0.0116849743566094
1811,0.00885003784930849
1812,0.0323425126971074
1813,0.00885003784930849
1815,0.00885003784930849
1816,0.00885003784930849
1817,0.00885003784930849
1818,0.00885003784930849
1820,0.00885003784930849
1821,0.00885003784930849
1822,0.00885003784930849
1824,0.00885003784930849
1826,0.623522095073453
1827,0.00885003784930849
1829,0.00885003784930849
1830,0.00885003784930849
1831,0.00885003784930849
1832,0.00885003784930849
1833,0.0116849743566094
1834,0.00885003784930849
1835,0.00885003784930849
1836,0.00885003784930849
1837,0.00885003784930849
1838,0.00885003784930849
1839,0.00885003784930849
1841,0.0116849743566094
1842,0.00885003784930849
1844,0.00885003784930849
1846,0.00885003784930849
1847,0.00885003784930849
1849,0.00885003784930849
1850,0.00885003784930849
1851,0.0117343259249421
1852,0.00885003784930849
1853,0.736681295508473
1854,0.00885003784930849
1855,0.00885003784930849
1856,0.00885003784930849
1857,0.00885003784930849
1858,0.472344441604006
1859,0.00885003784930849
1860,0.0205378678458048
1861,0.00885003784930849
1862,0.0239376896835604
1863,0.00885003784930849
1864,0.00885003784930849
1869,0.00885003784930849
1870,0.764620400787407
1871,0.00885003784930849
1872,0.010183199178954
1873,0.00885003784930849
1874,0.00885003784930849
1875,0.00885003784930849
1876,0.00885003784930849
1877,0.020949976305037
1878,0.0101572215746447
1879,0.00885003784930849
1880,0.00885003784930849
1882,0.00885003784930849
1883,0.2412541139533
1884,0.00885003784930849
1885,0.0284307823501384
1888,0.00885003784930849
1890,0.0164768882315387
1891,0.00885003784930849
1893,0.00885003784930849
1894,0.00885003784930849
1895,0.00885003784930849
1896,0.00885003784930849
1897,0.0101572215746447
1899,0.00885003784930849
1903,0.00885003784930849
1905,0.374702463303925
1906,0.00885003784930849
1907,0.00885003784930849
1908,0.00885003784930849
1909,0.00885003784930849
1910,0.00885003784930849
1911,0.00885003784930849
1914,0.00885003784930849
1915,0.0287730532054099
1916,0.00885003784930849
1917,0.00885003784930849
1921,0.0101572215746447
1922,0.0341822225834975
1923,0.00885003784930849
1924,0.00885003784930849
1925,0.17230515516942
1927,0.00885003784930849
1928,0.00885003784930849
1930,0.00885003784930849
1931,0.00885003784930849
1932,0.0101572215746447
1933,0.00885003784930849
1934,0.00885003784930849
1935,0.0116849743566094
1936,0.00885003784930849
1937,0.549444905594937
1938,0.00885003784930849
1940,0.00885003784930849
1941,0.00885003784930849
1942,0.926349814172128
1943,0.00885003784930849
1944,0.00885003784930849
1945,0.00885003784930849
1946,0.334767935832909
1947,0.00885003784930849
1948,0.0377898927492685
1949,0.00885003784930849
1950,0.0101572215746447
1955,0.214614950783775
1956,0.00885003784930849
1957,0.00885003784930849
1959,0.00885003784930849
1960,0.0189110597743848
1961,0.00885003784930849
1962,0.00885003784930849
1964,0.00885003784930849
1965,0.0205378678458048
1968,0.00885003784930849
1970,0.0189110597743848
1971,0.00885003784930849
1972,0.00885003784930849
1974,0.0101572215746447
1975,0.00885003784930849
1976,0.00885003784930849
1977,0.0116849743566094
1978,0.00885003784930849
1979,0.956511726228347
1980,0.0116849743566094
1981,0.00885003784930849
1982,0.00885003784930849
1983,0.0101572215746447
1984,0.00885003784930849
1985,0.0116849743566094
1986,0.00885003784930849
1987,0.0134208846827876
1988,0.00885003784930849
1989,0.0189110597743848
1991,0.00885003784930849
1992,0.326523859355882
1993,0.00885003784930849
1994,0.00885003784930849
1995,0.00885003784930849
1997,0.0101572215746447
1998,0.0133741389472467
1999,0.00885003784930849
2000,0.00885003784930849
2001,0.0189110597743848
2002,0.025130930468082
2003,0.00885003784930849
2004,0.00885003784930849
2005,0.00885003784930849
2007,0.00885003784930849
2008,0.0133741389472467
2010,0.0116849743566094
2011,0.00885003784930849
2012,0.764620400787407
2013,0.025130930468082
2014,0.00885003784930849
2015,0.795472814605264
2016,0.00885003784930849
2017,0.00885003784930849
2018,0.00885003784930849
2019,0.00885003784930849
2020,0.0270147266941745
2021,0.00885003784930849
2022,0.00885003784930849
2023,0.00885003784930849
2024,0.217274040196997
2025,0.00885003784930849
2026,0.0189110597743848
2027,0.00885003784930849
2028,0.00885003784930849
2029,0.00885003784930849
2030,0.00885003784930849
2031,0.00885003784930849
2032,0.00885003784930849
2033,0.00885003784930849
2034,0.0116849743566094
2035,0.00885003784930849
2037,0.00885003784930849
2038,0.00885003784930849
2039,0.00885003784930849
2040,0.00885003784930849
2041,0.00885003784930849
2042,0.0162721036822931
2043,0.00885003784930849
2044,0.00885003784930849
2046,0.0622706802206818
2047,0.00885003784930849
2048,0.00885003784930849
2050,0.00885003784930849
2051,0.00885003784930849
2053,0.399679469416814
2054,0.0116849743566094
2057,0.00885003784930849
2058,0.00885003784930849
2059,0.00885003784930849
2060,0.00885003784930849
2061,0.376372344821113
2062,0.00885003784930849
2063,0.00885003784930849
2064,0.574802073909086
2065,0.00885003784930849
2066,0.00885003784930849
2068,0.00885003784930849
2069,0.00885003784930849
2070,0.0164768882315387
2071,0.00885003784930849
2072,0.00885003784930849
2073,0.00885003784930849
2074,0.0116849743566094
2075,0.00885003784930849
2076,0.00885003784930849
2077,0.00885003784930849
2078,0.0103202046306655
2079,0.0134208846827876
2080,0.652855376648514
2081,0.00885003784930849
2082,0.0622706802206818
2083,0.00885003784930849
2084,0.00885003784930849
2085,0.025130930468082
2086,0.00885003784930849
2089,0.010183199178954
2090,0.00885003784930849
2091,0.00885003784930849
2092,0.00885003784930849
2093,0.00885003784930849
2095,0.0116849743566094
2096,0.00885003784930849
2097,0.0189110597743848
2098,0.0134208846827876
2099,0.00885003784930849
2101,0.00885003784930849
2102,0.484213516784957
2103,0.00885003784930849
2104,0.00885003784930849
2105,0.00885003784930849
2106,0.0101572215746447
2108,0.00885003784930849
2109,0.00885003784930849
2110,0.550832941827354
2111,0.00885003784930849
2114,0.0116849743566094
2115,0.00885003784930849
2117,0.553774105256414
2118,0.0189110597743848
2119,0.00885003784930849
2120,0.707891031260113
2121,0.0116849743566094
2122,0.00885003784930849
2123,0.0116849743566094
2124,0.00885003784930849
2125,0.00885003784930849
2128,0.00885003784930849
2129,0.0164768882315387
2131,0.00885003784930849
2133,0.0189110597743848
2134,0.00885003784930849
2137,0.00885003784930849
2139,0.00885003784930849
2141,0.00885003784930849
2142,0.00885003784930849
2143,0.00885003784930849
2144,0.0116849743566094
2145,0.00885003784930849
2146,0.00885003784930849
2147,0.00885003784930849
2148,0.00885003784930849
2150,0.00885003784930849
2151,0.00885003784930849
2152,0.00885003784930849
2153,0.0101572215746447
2154,0.00885003784930849
2155,0.00885003784930849
2157,0.00885003784930849
2158,0.00885003784930849
2160,0.0134208846827876
2161,0.025130930468082
2162,0.00885003784930849
2163,0.0101572215746447
2164,0.00885003784930849
2166,0.00885003784930849
2168,0.00885003784930849
2170,0.00885003784930849
2171,0.00885003784930849
2172,0.00885003784930849
2173,0.00885003784930849
2174,0.00885003784930849
2175,0.00885003784930849
2176,0.786760537598329
2177,0.00885003784930849
2178,0.00885003784930849
2179,0.00885003784930849
2180,0.0330074527506355
2182,0.00885003784930849
2183,0.00885003784930849
2184,0.00885003784930849
2185,0.00885003784930849
2186,0.00885003784930849
2188,0.0133741389472467
2189,0.00885003784930849
2191,0.00885003784930849
2193,0.00885003784930849
2194,0.00885003784930849
2196,0.0116849743566094
2198,0.0101572215746447
2199,0.0116849743566094
2201,0.0270147266941745
2202,0.00885003784930849
2203,0.00885003784930849
2206,0.0189110597743848
2207,0.00885003784930849
2208,0.00885003784930849
2209,0.00885003784930849
2210,0.00885003784930849
2211,0.00885003784930849
2212,0.00885003784930849
2213,0.00885003784930849
2215,0.00885003784930849
2216,0.00885003784930849
2217,0.0101572215746447
2218,0.0134208846827876
2220,0.00885003784930849
2221,0.0101572215746447
2223,0.00885003784930849
2224,0.00885003784930849
2226,0.00885003784930849
2228,0.00885003784930849
2229,0.00885003784930849
2230,0.00885003784930849
2231,0.00885003784930849
2232,0.188330904671395
2233,0.00885003784930849
2235,0.0622706802206818
2236,0.00885003784930849
2238,0.0284307823501384
2239,0.00885003784930849
2240,0.00885003784930849
2241,0.00885003784930849
2242,0.00885003784930849
2243,0.010183199178954
2245,0.0116849743566094
2246,0.00885003784930849
2247,0.00885003784930849
2248,0.00885003784930849
2249,0.00885003784930849
2250,0.0116849743566094
2251,0.00885003784930849
2253,0.00885003784930849
2254,0.241854263407232
2255,0.00885003784930849
2256,0.00885003784930849
2257,0.00885003784930849
2259,0.00885003784930849
2261,0.00885003784930849
2262,0.00885003784930849
2263,0.00885003784930849
2264,0.00885003784930849
2265,0.00885003784930849
2266,0.00885003784930849
2267,0.00885003784930849
2268,0.00885003784930849
2269,0.0162721036822931
2270,0.00885003784930849
2271,0.0154787587842857
2272,0.00885003784930849
2273,0.0116849743566094
2274,0.025130930468082
2276,0.568132455669295
2278,0.00885003784930849
2279,0.00885003784930849
2280,0.00885003784930849
2281,0.00885003784930849
2282,0.020949976305037
2283,0.0101572215746447
2285,0.0116849743566094
2286,0.00885003784930849
2287,0.151351781208562
2289,0.0341822225834975
2290,0.00885003784930849
2292,0.0101572215746447
2293,0.00885003784930849
2295,0.00885003784930849
2297,0.0461353579319556
2298,0.00885003784930849
2300,0.0134208846827876
2301,0.00885003784930849
2302,0.0101572215746447
2303,0.00885003784930849
2304,0.00885003784930849
2307,0.00885003784930849
2308,0.00885003784930849
2309,0.00885003784930849
2310,0.00885003784930849
2311,0.0512762374444317
2312,0.00885003784930849
2313,0.00885003784930849
2314,0.00885003784930849
2317,0.00885003784930849
2318,0.00885003784930849
2319,0.00885003784930849
2320,0.00885003784930849
2321,0.00885003784930849
2323,0.00885003784930849
2324,0.00885003784930849
2325,0.00885003784930849
2326,0.0205378678458048
2327,0.00885003784930849
2328,0.00885003784930849
2329,0.0116849743566094
2330,0.437393821545294
2332,0.00885003784930849
2335,0.00885003784930849
2336,0.0205378678458048
2337,0.0134208846827876
2338,0.00885003784930849
2339,0.323129675085027
2340,0.00885003784930849
2341,0.0189110597743848
2342,0.00885003784930849
2343,0.00885003784930849
2344,0.00885003784930849
2345,0.00885003784930849
2346,0.00885003784930849
2347,0.00885003784930849
2349,0.00885003784930849
2350,0.00885003784930849
2351,0.00885003784930849
2352,0.0133741389472467
2353,0.0116849743566094
2355,0.565411584314442
2356,0.00885003784930849
2357,0.00885003784930849
2358,0.527656125671566
2360,0.00885003784930849
2361,0.00885003784930849
2362,0.00885003784930849
2363,0.00885003784930849
2364,0.0134208846827876
2365,0.00885003784930849
2367,0.0622706802206818
2368,0.00885003784930849
2369,0.00885003784930849
2370,0.00885003784930849
2372,0.00885003784930849
2373,0.00885003784930849
2374,0.00885003784930849
2375,0.00885003784930849
2376,0.0101572215746447
2378,0.0134208846827876
2379,0.0116849743566094
2382,0.00885003784930849
2383,0.0101572215746447
2384,0.00885003784930849
2385,0.00885003784930849
2386,0.00885003784930849
2389,0.0116849743566094
2390,0.00885003784930849
2391,0.025130930468082
2393,0.00885003784930849
2394,0.00885003784930849
2395,0.00885003784930849
2396,0.00885003784930849
2397,0.00885003784930849
2398,0.00885003784930849
2399,0.00885003784930849
2400,0.00885003784930849
2401,0.0101572215746447
2402,0.00885003784930849
2404,0.00885003784930849
2406,0.00885003784930849
2407,0.00885003784930849
2408,0.00885003784930849
2409,0.00885003784930849
2410,0.00885003784930849
2411,0.640808041035136
2412,0.0270147266941745
2414,0.00885003784930849
2415,0.00885003784930849
2416,0.00885003784930849
2417,0.0101572215746447
2418,0.00885003784930849
2419,0.0116849743566094
2420,0.0134208846827876
2421,0.00885003784930849
2423,0.00885003784930849
2424,0.0164768882315387
2425,0.0205378678458048
2426,0.00885003784930849
2427,0.0375490447047634
2428,0.025130930468082
2429,0.00885003784930849
2431,0.0116849743566094
2433,0.00885003784930849
2435,0.025130930468082
2436,0.00885003784930849
2437,0.00885003784930849
2438,0.00885003784930849
2439,0.0116849743566094
2440,0.00885003784930849
2441,0.00885003784930849
2442,0.0164768882315387
2443,0.00885003784930849
2444,0.00885003784930849
2445,0.0375490447047634
2446,0.0133741389472467
2447,0.0116849743566094
2448,0.00885003784930849
2449,0.025130930468082
2450,0.00885003784930849
2451,0.00885003784930849
2452,0.00885003784930849
2453,0.738301263550356
2454,0.00885003784930849
2455,0.0133741389472467
2456,0.0189110597743848
2457,0.00885003784930849
2458,0.00885003784930849
2459,0.00885003784930849
2460,0.00885003784930849
2462,0.00885003784930849
2463,0.00885003784930849
2464,0.00885003784930849
2465,0.00885003784930849
2466,0.00885003784930849
2467,0.657891741525248
2468,0.296960869758017
2469,0.00885003784930849
2470,0.0116849743566094
2471,0.00885003784930849
2473,0.00885003784930849
2474,0.0116849743566094
2476,0.00885003784930849
2477,0.00885003784930849
2478,0.00885003784930849
2479,0.00885003784930849
2480,0.025130930468082
2481,0.819673658778443
2482,0.00885003784930849
2483,0.00885003784930849
2484,0.320710809080775
2485,0.00885003784930849
2486,0.0416724302421637
2489,0.0116849743566094
2491,0.00885003784930849
2493,0.00885003784930849
2494,0.00885003784930849
2496,0.00885003784930849
2497,0.00885003784930849
2498,0.0205378678458048
2499,0.00885003784930849
2500,0.00885003784930849
2502,0.00885003784930849
2503,0.00885003784930849
2504,0.00885003784930849
2505,0.00885003784930849
2506,0.00885003784930849
2507,0.00885003784930849
2509,0.0375490447047634
2510,0.00885003784930849
2511,0.00885003784930849
2512,0.00885003784930849
2514,0.0116849743566094
2515,0.0164768882315387
2518,0.00885003784930849
2519,0.00885003784930849
2520,0.0116849743566094
2522,0.00885003784930849
2523,0.00885003784930849
2525,0.0158848836122526
2526,0.00885003784930849
2527,0.417989763486125
2528,0.00885003784930849
2529,0.220492083883555
2530,0.0396480263360836
2531,0.00885003784930849
2533,0.00885003784930849
2534,0.0101572215746447
2535,0.00885003784930849
2536,0.00885003784930849
2538,0.00885003784930849
2539,0.00885003784930849
2540,0.00885003784930849
2541,0.00885003784930849
2542,0.00885003784930849
2545,0.00885003784930849
2546,0.730482782461779
2547,0.00885003784930849
2548,0.00885003784930849
2549,0.00885003784930849
2550,0.025130930468082
2551,0.0101572215746447
2552,0.0134208846827876
2554,0.0116849743566094
2556,0.0116849743566094
2557,0.00885003784930849
2559,0.00885003784930849
2561,0.507862434068287
2562,0.00885003784930849
2563,0.0416724302421637
2564,0.00885003784930849
2565,0.0341822225834975
2566,0.00885003784930849
2569,0.0189110597743848
2570,0.00885003784930849
2571,0.00885003784930849
2573,0.221120717269356
2574,0.00885003784930849
2575,0.0239376896835604
2576,0.025130930468082
2577,0.00885003784930849
2578,0.00885003784930849
2579,0.00885003784930849
2582,0.00885003784930849
2583,0.00885003784930849
2584,0.025130930468082
2585,0.454832718916815
2586,0.00885003784930849
2588,0.00885003784930849
2589,0.0205378678458048
2590,0.00885003784930849
2591,0.00885003784930849
2592,0.00885003784930849
2593,0.00885003784930849
2594,0.00885003784930849
2596,0.10809805995553
2597,0.00885003784930849
2598,0.00885003784930849
2599,0.00885003784930849
2601,0.00885003784930849
2604,0.0622706802206818
2605,0.00885003784930849
2606,0.00885003784930849
2607,0.00885003784930849
2608,0.0375490447047634
2609,0.0416724302421637
2610,0.0133741389472467
2611,0.0134617436160386
2612,0.00885003784930849
2613,0.025130930468082
2614,0.0101572215746447
2616,0.025130930468082
2617,0.0189110597743848
2618,0.00885003784930849
2619,0.00885003784930849
2620,0.0314286380804457
2622,0.0116849743566094
2623,0.00885003784930849
2624,0.0101572215746447
2625,0.0330074527506355
2626,0.00885003784930849
2627,0.00885003784930849
2628,0.00885003784930849
2629,0.0101572215746447
2630,0.00885003784930849
2632,0.0189110597743848
2634,0.00885003784930849
2635,0.00885003784930849
2637,0.0375490447047634
2639,0.00885003784930849
2642,0.0116849743566094
2643,0.00885003784930849
2644,0.00885003784930849
2645,0.00885003784930849
2647,0.0134208846827876
2648,0.00885003784930849
2649,0.00885003784930849
2650,0.00885003784930849
2651,0.00885003784930849
2652,0.00885003784930849
2653,0.0134208846827876
2655,0.00885003784930849
2656,0.0116849743566094
2657,0.00885003784930849
2659,0.00885003784930849
2660,0.0189110597743848
2661,0.00885003784930849
2662,0.0103202046306655
2663,0.00885003784930849
2664,0.0103202046306655
2665,0.00885003784930849
2666,0.0205378678458048
2667,0.0116849743566094
2668,0.00885003784930849
2669,0.00885003784930849
2670,0.00885003784930849
2671,0.0101572215746447
2673,0.587662156106773
2674,0.00885003784930849
2675,0.00885003784930849
2676,0.0912072237827363
2677,0.00885003784930849
2678,0.00885003784930849
2679,0.00885003784930849
2680,0.0205378678458048
2681,0.00885003784930849
2682,0.581616070198672
2683,0.00885003784930849
2685,0.00885003784930849
2686,0.0116849743566094
2688,0.00885003784930849
2690,0.00885003784930849
2691,0.0134208846827876
2693,0.195554590354038
2694,0.0133741389472467
2695,0.00885003784930849
2696,0.00885003784930849
2697,0.00885003784930849
2698,0.00885003784930849
2700,0.00885003784930849
2701,0.025130930468082
2703,0.00885003784930849
2704,0.00885003784930849
2705,0.0101572215746447
2706,0.00885003784930849
2707,0.00885003784930849
2708,0.0101572215746447
2709,0.025130930468082
2710,0.730482782461779
2711,0.00885003784930849
2712,0.00885003784930849
2714,0.025130930468082
2715,0.0103202046306655
2716,0.00885003784930849
2717,0.0205378678458048
2718,0.0116849743566094
2719,0.00885003784930849
2721,0.00885003784930849
2722,0.0341822225834975
2723,0.00885003784930849
2724,0.00885003784930849
2725,0.00885003784930849
2726,0.00885003784930849
2727,0.00885003784930849
2728,0.00885003784930849
2729,0.0103202046306655
2730,0.00885003784930849
2731,0.0205378678458048
2732,0.00885003784930849
2733,0.00885003784930849
2735,0.00885003784930849
2736,0.412395025823944
2737,0.00885003784930849
2739,0.00885003784930849
2740,0.00885003784930849
2741,0.00885003784930849
2742,0.00885003784930849
2743,0.00885003784930849
2745,0.0189110597743848
2746,0.00885003784930849
2747,0.592314555151097
2749,0.00885003784930849
2750,0.00885003784930849
2751,0.00885003784930849
2752,0.00885003784930849
2753,0.00885003784930849
2754,0.00885003784930849
2757,0.00885003784930849
2758,0.217274040196997
2759,0.00885003784930849
2760,0.00885003784930849
2762,0.00885003784930849
2763,0.00885003784930849
2764,0.00885003784930849
2767,0.00885003784930849
2768,0.00885003784930849
2769,0.00885003784930849
2771,0.00885003784930849
2773,0.0116849743566094
2774,0.0134208846827876
2775,0.0294282581383293
2776,0.00885003784930849
2777,0.239131303315188
2779,0.00885003784930849
2780,0.00885003784930849
2781,0.00885003784930849
2782,0.00885003784930849
2783,0.00885003784930849
2785,0.00885003784930849
2786,0.00885003784930849
2787,0.025130930468082
2789,0.0656079537671802
2790,0.0205378678458048
2791,0.00885003784930849
2792,0.00885003784930849
2793,0.00885003784930849
2794,0.00885003784930849
2796,0.00885003784930849
2797,0.0116849743566094
2798,0.0158848836122526
2799,0.00885003784930849
2800,0.0116849743566094
2801,0.00885003784930849
2802,0.00885003784930849
2803,0.00885003784930849
2804,0.00885003784930849
2805,0.00885003784930849
2806,0.00885003784930849
2807,0.0164768882315387
2810,0.00885003784930849
2812,0.00885003784930849
2813,0.00885003784930849
2814,0.00885003784930849
2815,0.0220154380815994
2816,0.00885003784930849
2817,0.00885003784930849
2818,0.0134208846827876
2820,0.0134208846827876
2821,0.00885003784930849
2822,0.223636130897947
2823,0.00885003784930849
2824,0.00885003784930849
2825,0.00885003784930849
2826,0.00885003784930849
2827,0.407302049450181
2828,0.00885003784930849
2829,0.0341822225834975
2830,0.0189110597743848
2831,0.00885003784930849
2833,0.756864257854786
2836,0.00885003784930849
2837,0.00885003784930849
2838,0.010183199178954
2839,0.025130930468082
2840,0.00885003784930849
2841,0.0622706802206818
2842,0.00885003784930849
2843,0.00885003784930849
2844,0.0116849743566094
2846,0.0116849743566094
2848,0.0208061322270816
2849,0.00885003784930849
2850,0.0116849743566094
2852,0.00885003784930849
2853,0.025130930468082
2854,0.00885003784930849
2855,0.00885003784930849
2856,0.00885003784930849
2857,0.00885003784930849
2858,0.00885003784930849
2859,0.00885003784930849
2860,0.0134208846827876
2861,0.363408040290136
2862,0.056228733826942
2863,0.00885003784930849
2864,0.0189110597743848
2865,0.00885003784930849
2866,0.00885003784930849
2867,0.00885003784930849
2868,0.00885003784930849
2869,0.00885003784930849
2870,0.00885003784930849
2871,0.00885003784930849
2873,0.00885003784930849
2874,0.738301263550356
2875,0.00885003784930849
2878,0.0804913567652176
2879,0.00885003784930849
2880,0.00885003784930849
2881,0.00885003784930849
2882,0.00885003784930849
2883,0.00885003784930849
2884,0.00885003784930849
2885,0.00885003784930849
2886,0.00885003784930849
2889,0.00885003784930849
2890,0.188330904671395
2891,0.00885003784930849
2892,0.00885003784930849
2895,0.00885003784930849
2896,0.00885003784930849
2897,0.00885003784930849
2898,0.0527162021282811
2899,0.160875227751133
2900,0.00885003784930849
2901,0.00885003784930849
2903,0.0341822225834975
2904,0.00885003784930849
2905,0.00885003784930849
2906,0.214614950783775
2907,0.00885003784930849
2908,0.00885003784930849
2909,0.00885003784930849
2910,0.00885003784930849
2911,0.0116849743566094
2912,0.00885003784930849
2913,0.0116849743566094
2914,0.00885003784930849
2915,0.00885003784930849
2917,0.0205378678458048
2918,0.00885003784930849
2919,0.00885003784930849
2920,0.0189110597743848
2921,0.00885003784930849
2922,0.0116849743566094
2923,0.0134208846827876
2924,0.0164768882315387
2925,0.439629788056101
2928,0.128434039661444
2929,0.0377898927492685
2930,0.00885003784930849
2931,0.00885003784930849
2932,0.00885003784930849
2933,0.00885003784930849
2934,0.00885003784930849
2935,0.00885003784930849
2936,0.00885003784930849
2939,0.00885003784930849
2941,0.00885003784930849
2942,0.055916292028018
2943,0.00885003784930849
2944,0.00885003784930849
2945,0.0416724302421637
2946,0.00885003784930849
2947,0.00885003784930849
2948,0.00885003784930849
2949,0.00885003784930849
2950,0.00885003784930849
2951,0.188330904671395
2954,0.0101572215746447
2955,0.00885003784930849
2956,0.00885003784930849
2957,0.00885003784930849
2959,0.00885003784930849
2960,0.00885003784930849
2961,0.00885003784930849
2963,0.00885003784930849
2964,0.0133741389472467
2968,0.00885003784930849
2969,0.025130930468082
2970,0.0116849743566094
2972,0.0117343259249421
2973,0.00885003784930849
2974,0.520516392099459
2975,0.00885003784930849
2977,0.00885003784930849
2978,0.00885003784930849
2979,0.433438303956233
2980,0.00885003784930849
2982,0.00885003784930849
2983,0.00885003784930849
2984,0.00885003784930849
2985,0.0116849743566094
2986,0.00885003784930849
2987,0.00885003784930849
2989,0.00885003784930849
2991,0.00885003784930849
2992,0.00885003784930849
2993,0.323129675085027
2994,0.0116849743566094
2995,0.00885003784930849
2996,0.0101572215746447
2998,0.00885003784930849
2999,0.00885003784930849
3000,0.160875227751133
3001,0.0189110597743848
3002,0.00885003784930849
3003,0.0101572215746447
3004,0.00885003784930849
3005,0.723391777008306
3006,0.00885003784930849
3007,0.00885003784930849
3008,0.565042676558065
3010,0.00885003784930849
3011,0.00885003784930849
3012,0.00885003784930849
3015,0.0116849743566094
3017,0.00885003784930849
3018,0.00885003784930849
3020,0.00885003784930849
3021,0.00885003784930849
3022,0.787112726882918
3023,0.00885003784930849
3024,0.134906025424896
3025,0.0189110597743848
3027,0.0116849743566094
3028,0.00885003784930849
3029,0.687948126264479
3031,0.00885003784930849
3032,0.025130930468082
3034,0.296960869758017
3035,0.00885003784930849
3036,0.00885003784930849
3037,0.00885003784930849
3038,0.0205378678458048
3039,0.00885003784930849
3040,0.0880038401386326
3041,0.0394238686232703
3042,0.0133741389472467
3043,0.00885003784930849
3044,0.0189110597743848
3045,0.00885003784930849
3046,0.00885003784930849
3047,0.00885003784930849
3048,0.0133741389472467
3049,0.0101572215746447
3050,0.00885003784930849
3052,0.00885003784930849
3053,0.0116849743566094
3054,0.00885003784930849
3056,0.0189110597743848
3057,0.00885003784930849
3059,0.00885003784930849
3060,0.00885003784930849
3061,0.00885003784930849
3062,0.0189110597743848
3063,0.00885003784930849
3064,0.00885003784930849
3066,0.273330493067958
3067,0.0154787587842857
3068,0.0375490447047634
3069,0.0101572215746447
3071,0.00885003784930849
3072,0.00885003784930849
3073,0.0116849743566094
3074,0.195554590354038
3075,0.00885003784930849
3076,0.00885003784930849
3077,0.195554590354038
3078,0.00885003784930849
3079,0.0723997777565013
3081,0.00885003784930849
3084,0.00885003784930849
3085,0.0133741389472467
3088,0.00885003784930849
3089,0.00885003784930849
3091,0.00885003784930849
3092,0.00885003784930849
3093,0.00885003784930849
3094,0.720037383915471
3095,0.00885003784930849
3096,0.0117343259249421
3097,0.0117343259249421
3099,0.00885003784930849
3100,0.025130930468082
3102,0.703054368450461
3103,0.00885003784930849
3104,0.590153310304636
3105,0.00885003784930849
3108,0.00885003784930849
3111,0.0323425126971074
3113,0.00885003784930849
3114,0.0116849743566094
3115,0.00885003784930849
3116,0.425793984165703
3117,0.00885003784930849
3119,0.00885003784930849
3121,0.00885003784930849
3122,0.0116849743566094
3124,0.0134208846827876
3125,0.0116849743566094
3126,0.00885003784930849
3127,0.0375490447047634
3129,0.00885003784930849
3130,0.00885003784930849
3132,0.00885003784930849
3133,0.00885003784930849
3136,0.687948126264479
3137,0.00885003784930849
3139,0.00885003784930849
3140,0.0116849743566094
3141,0.00885003784930849
3142,0.056228733826942
3144,0.0189110597743848
3146,0.025130930468082
3147,0.0116849743566094
3149,0.00885003784930849
3150,0.00885003784930849
3151,0.0116849743566094
3152,0.0205378678458048
3153,0.0189110597743848
3155,0.0101572215746447
3156,0.00885003784930849
3157,0.0134208846827876
3158,0.0287730532054099
3159,0.00885003784930849
3160,0.00885003784930849
3161,0.0116849743566094
3162,0.00885003784930849
3163,0.00885003784930849
3165,0.00885003784930849
3166,0.00885003784930849
3167,0.0116849743566094
3168,0.00885003784930849
3169,0.0208061322270816
3170,0.0205378678458048
3171,0.0189110597743848
3173,0.0116849743566094
3174,0.0284307823501384
3175,0.0134208846827876
3176,0.00885003784930849
3177,0.00885003784930849
3178,0.10123337988245
3179,0.0116849743566094
3180,0.00885003784930849
3182,0.00885003784930849
3183,0.00885003784930849
3184,0.00885003784930849
3185,0.00885003784930849
3186,0.00885003784930849
3188,0.0189110597743848
3189,0.0134208846827876
3190,0.00885003784930849
3191,0.00885003784930849
3192,0.573272793641687
3194,0.00885003784930849
3196,0.0116849743566094
3198,0.151351781208562
3199,0.0270147266941745
3200,0.0239376896835604
3201,0.00885003784930849
3202,0.0116849743566094
3203,0.128434039661444
3207,0.00885003784930849
3208,0.00885003784930849
3209,0.00885003784930849
3210,0.0103202046306655
3211,0.00885003784930849
3212,0.00885003784930849
3213,0.00885003784930849
3215,0.00885003784930849
3216,0.00885003784930849
3217,0.00885003784930849
3218,0.797331956852934
3219,0.00885003784930849
3225,0.00885003784930849
3226,0.00885003784930849
3229,0.0101572215746447
3230,0.0485627758956239
3231,0.0134208846827876
3232,0.00885003784930849
3233,0.00885003784930849
3235,0.00885003784930849
3236,0.00885003784930849
3237,0.0134208846827876
3239,0.0117343259249421
3240,0.00885003784930849
3241,0.0189110597743848
3242,0.484213516784957
3243,0.025130930468082
3245,0.0117343259249421
3247,0.025130930468082
3248,0.00885003784930849
3249,0.00885003784930849
3250,0.0103202046306655
3251,0.393445390608821
3253,0.0116849743566094
3254,0.0116849743566094
3255,0.00885003784930849
3256,0.00885003784930849
3258,0.239131303315188
3260,0.0205378678458048
3261,0.00885003784930849
3262,0.00885003784930849
3263,0.187392762033679
3265,0.00885003784930849
3266,0.00885003784930849
3267,0.00885003784930849
3268,0.0134208846827876
3269,0.00885003784930849
3270,0.00885003784930849
3271,0.0116849743566094
3272,0.00885003784930849
3273,0.00885003784930849
3274,0.134906025424896
3276,0.00885003784930849
3278,0.0287730532054099
3279,0.00885003784930849
3280,0.0323425126971074
3281,0.00885003784930849
3282,0.00885003784930849
3283,0.0189110597743848
3284,0.00885003784930849
3285,0.00885003784930849
3286,0.00885003784930849
3287,0.00885003784930849
3289,0.00885003784930849
3290,0.217274040196997
3291,0.00885003784930849
3293,0.00885003784930849
3294,0.151351781208562
3295,0.00885003784930849
3296,0.0154787587842857
3297,0.00885003784930849
3298,0.0101572215746447
3299,0.276960278517322
3301,0.0235304037216925
3303,0.00885003784930849
3304,0.00885003784930849
3305,0.00885003784930849
3306,0.0205378678458048
3307,0.0101572215746447
3308,0.00885003784930849
3309,0.00885003784930849
3310,0.0189110597743848
3311,0.0101572215746447
3312,0.00885003784930849
3314,0.00885003784930849
3315,0.0134208846827876
3317,0.00885003784930849
3318,0.00885003784930849
3320,0.0270147266941745
3321,0.0205378678458048
3322,0.025130930468082
3324,0.00885003784930849
3326,0.00885003784930849
3327,0.00885003784930849
3328,0.0101572215746447
3330,0.00885003784930849
3332,0.00885003784930849
3333,0.00885003784930849
3335,0.00885003784930849
3336,0.00885003784930849
3337,0.0256757745496277
3338,0.00885003784930849
3342,0.0117343259249421
3345,0.00885003784930849
3346,0.00885003784930849
3347,0.00885003784930849
3348,0.0425544383184758
3349,0.00885003784930849
3350,0.00885003784930849
3352,0.00885003784930849
3353,0.00885003784930849
3354,0.673674176522089
3355,0.00885003784930849
3356,0.00885003784930849
3357,0.00885003784930849
3359,0.00885003784930849
3360,0.00885003784930849
3361,0.0189110597743848
3362,0.00885003784930849
3366,0.00885003784930849
3367,0.0377898927492685
3368,0.00885003784930849
3369,0.00885003784930849
3370,0.0379504647104782
3372,0.0323425126971074
3373,0.00885003784930849
3374,0.0189110597743848
3375,0.00885003784930849
3376,0.0116849743566094
3377,0.00885003784930849
3380,0.00885003784930849
3381,0.00885003784930849
3382,0.00885003784930849
3383,0.687948126264479
3384,0.00885003784930849
3385,0.00885003784930849
3386,0.00885003784930849
3387,0.00885003784930849
3388,0.492007974750773
3390,0.00885003784930849
3392,0.0134208846827876
3393,0.00885003784930849
3395,0.00885003784930849
3396,0.0116849743566094
3397,0.00885003784930849
3398,0.375395816008313
3399,0.00885003784930849
3400,0.00885003784930849
3401,0.00885003784930849
3402,0.0189110597743848
3403,0.00885003784930849
3404,0.0154787587842857
3407,0.0312494381438259
3408,0.647727258652262
3410,0.0205378678458048
3411,0.0101572215746447
3412,0.00885003784930849
3413,0.00885003784930849
3414,0.45057316345198
3415,0.00885003784930849
3417,0.839179758468032
3418,0.454832718916815
3419,0.00885003784930849
3420,0.0116849743566094
3421,0.00885003784930849
3422,0.00885003784930849
3424,0.00885003784930849
3425,0.00885003784930849
3426,0.0156383793841852
3427,0.0117343259249421
3428,0.0116849743566094
3430,0.00885003784930849
3432,0.00885003784930849
3433,0.00885003784930849
3434,0.28732923544087
3435,0.494229671771222
3436,0.0341822225834975
3438,0.00885003784930849
3439,0.00885003784930849
3440,0.00885003784930849
3441,0.00885003784930849
3443,0.0116849743566094
3444,0.00885003784930849
3445,0.00885003784930849
3446,0.0134208846827876
3447,0.00885003784930849
3449,0.0208061322270816
3450,0.00885003784930849
3451,0.00885003784930849
3453,0.0330074527506355
3455,0.00885003784930849
3456,0.00885003784930849
3457,0.00885003784930849
3458,0.00885003784930849
3459,0.00885003784930849
3460,0.00885003784930849
3461,0.00885003784930849
3462,0.0323425126971074
3463,0.0134208846827876
3464,0.00885003784930849
3466,0.00885003784930849
3467,0.00885003784930849
3468,0.00885003784930849
3469,0.025130930468082
3470,0.00885003784930849
3471,0.0116849743566094
3472,0.00885003784930849
3473,0.00885003784930849
3476,0.00885003784930849
3477,0.248856478247652
3478,0.00885003784930849
3479,0.220492083883555
3480,0.0134208846827876
3481,0.00885003784930849
3483,0.00885003784930849
3484,0.00885003784930849
3485,0.454832718916815
3488,0.0116849743566094
3489,0.00885003784930849
3490,0.00885003784930849
3491,0.00885003784930849
3492,0.00885003784930849
3494,0.00885003784930849
3495,0.0101572215746447
3496,0.0208061322270816
3497,0.00885003784930849
3498,0.00885003784930849
3499,0.00885003784930849
3500,0.00885003784930849
3501,0.00885003784930849
3502,0.00885003784930849
3503,0.00885003784930849
3504,0.00885003784930849
3505,0.0205378678458048
3506,0.00885003784930849
3507,0.00885003784930849
3508,0.00885003784930849
3509,0.00885003784930849
3511,0.00885003784930849
3512,0.00885003784930849
3513,0.025130930468082
3514,0.0116849743566094
3515,0.0180659560799123
3516,0.435253538175905
3517,0.00885003784930849
3518,0.00885003784930849
3519,0.00885003784930849
3520,0.0375490447047634
3521,0.00885003784930849
3522,0.00885003784930849
3523,0.0116849743566094
3525,0.00885003784930849
3526,0.0116849743566094
3527,0.00885003784930849
3529,0.0164768882315387
3530,0.00885003784930849
3531,0.00885003784930849
3532,0.00885003784930849
3533,0.00885003784930849
3535,0.00885003784930849
3536,0.783380218143855
3537,0.00885003784930849
3538,0.00885003784930849
3540,0.00885003784930849
3541,0.00885003784930849
3542,0.0116849743566094
3543,0.00885003784930849
3545,0.0189110597743848
3546,0.00885003784930849
3547,0.00885003784930849
3548,0.00885003784930849
3552,0.0341822225834975
3553,0.0116849743566094
3554,0.0189110597743848
3555,0.0189110597743848
3557,0.359174999082264
3559,0.195554590354038
3560,0.00885003784930849
3561,0.00885003784930849
3562,0.025130930468082
3563,0.00885003784930849
3564,0.00885003784930849
3565,0.974963251040397
3566,0.0117343259249421
3567,0.00885003784930849
3569,0.730482782461779
3570,0.00885003784930849
3571,0.00885003784930849
3572,0.00885003784930849
3573,0.00885003784930849
3574,0.00885003784930849
3575,0.00885003784930849
3576,0.00885003784930849
3577,0.0134208846827876
3578,0.00885003784930849
3579,0.00885003784930849
3580,0.00885003784930849
3582,0.0208061322270816
3583,0.00885003784930849
3584,0.00885003784930849
3587,0.0101572215746447
3588,0.00885003784930849
3589,0.00885003784930849
3590,0.00885003784930849
3591,0.00885003784930849
3592,0.00885003784930849
3593,0.00885003784930849
3594,0.241854263407232
3595,0.00885003784930849
3596,0.00885003784930849
3597,0.00885003784930849
3599,0.00885003784930849
3600,0.00885003784930849
3601,0.00885003784930849
3603,0.0134208846827876
3604,0.00885003784930849
3605,0.0116849743566094
3606,0.00885003784930849
3607,0.00885003784930849
3608,0.0134208846827876
3609,0.00885003784930849
3612,0.00885003784930849
3614,0.00885003784930849
3615,0.00885003784930849
3617,0.00885003784930849
3618,0.00885003784930849
3620,0.025130930468082
3622,0.00885003784930849
3623,0.00885003784930849
3624,0.025130930468082
3625,0.025130930468082
3627,0.00885003784930849
3628,0.00885003784930849
3629,0.00885003784930849
3630,0.00885003784930849
3631,0.00885003784930849
3632,0.84271717581194
3633,0.025130930468082
3634,0.00885003784930849
3635,0.00885003784930849
3636,0.00885003784930849
3637,0.00885003784930849
3639,0.00885003784930849
3640,0.00885003784930849
3641,0.00885003784930849
3642,0.00885003784930849
3644,0.0189110597743848
3646,0.056228733826942
3648,0.00885003784930849
3649,0.0208061322270816
3650,0.00885003784930849
3651,0.00885003784930849
3652,0.00885003784930849
3653,0.0134208846827876
3654,0.00885003784930849
3656,0.00885003784930849
3657,0.00885003784930849
3658,0.00885003784930849
3659,0.00885003784930849
3660,0.00885003784930849
3662,0.00885003784930849
3664,0.217274040196997
3665,0.00885003784930849
3666,0.00885003784930849
3667,0.554403266679553
3668,0.00885003784930849
3669,0.00885003784930849
3670,0.00885003784930849
3671,0.0116849743566094
3675,0.00885003784930849
3676,0.00885003784930849
3677,0.00885003784930849
3678,0.0116849743566094
3679,0.00885003784930849
3680,0.00885003784930849
3681,0.00885003784930849
3682,0.00885003784930849
3683,0.17230515516942
3684,0.00885003784930849
3685,0.00885003784930849
3688,0.00885003784930849
3689,0.00885003784930849
3690,0.0133741389472467
3691,0.0134208846827876
3692,0.0133741389472467
3693,0.311056719647766
3694,0.00885003784930849
3696,0.0101572215746447
3697,0.00885003784930849
3698,0.00885003784930849
3700,0.00885003784930849
3702,0.00885003784930849
3704,0.0189110597743848
3706,0.0134208846827876
3707,0.00885003784930849
3709,0.00885003784930849
3710,0.00885003784930849
3711,0.0341822225834975
3712,0.00885003784930849
3713,0.0133741389472467
3714,0.00885003784930849
3715,0.0189110597743848
3717,0.00885003784930849
3719,0.00885003784930849
3720,0.00885003784930849
3721,0.00885003784930849
3722,0.00885003784930849
3724,0.706630984555024
3726,0.0294282581383293
3727,0.00885003784930849
3728,0.0117343259249421
3729,0.00885003784930849
3730,0.00885003784930849
